<?xml version="1.0" encoding="UTF-8" standalone="no"?>
<BGSimParams>
    <SimInfoParams name="SimInfoParams">
        <PoolSize name="PoolSize">
            <x name="x">40</x>
            <y name="y">25</y>
            <z name="z">1</z>
        </PoolSize>
        <SimParams name="SimParams">
            <Tsim name="Tsim">1</Tsim>
            <numSims name="numSims">1</numSims>
        </SimParams>
        <SimConfig name="SimConfig">
            <maxFiringRate name="maxFiringRate">1000</maxFiringRate>
            <maxSynapsesPerNeuron name="maxSynapsesPerNeuron">1000</maxSynapsesPerNeuron>
        </SimConfig>
        <Seed name="Seed">
            <value name="value">777</value>
        </Seed>
        <OutputParams name="OutputParams">
            <stateOutputFileName name="stateOutputFileName">results/static_izh_historyDump.h5</stateOutputFileName>
        </OutputParams>
    </SimInfoParams>
    <ModelParams>
        <NeuronsParams class="AllIZHNeurons" name="NeuronsParams">
            <Iinject name="Iinject">
                <min name="min">13.5e-09</min>
                <max name="max">13.5e-09</max>
            </Iinject>
            <Inoise name="Inoise">
                <min name="min">0.5e-06</min>
                <max name="max">0.7329e-06</max>
            </Inoise>
            <Vthresh name="Vthresh">
                <min name="min">30.0e-03</min>
                <max name="max">30.0e-03</max>
            </Vthresh>
            <Vresting name="Vresting">
                <min name="min">0.0</min>
                <max name="max">0.0</max>
            </Vresting>

            <Vreset name="Vreset">
                <min name="min">-0.065</min>
                <max name="max">-0.065</max>
            </Vreset>
            <Vinit name="Vinit">
                <min name="min">-0.065</min>
                <max name="max">-0.065</max>
            </Vinit>
            <starter_vthresh name="starter_vthresh">
                <min name="min">13.565e-3</min>
                <max name="max">13.655e-3</max>
            </starter_vthresh>
            <starter_vreset name="starter_vreset">
                <min name="min">13.0e-3</min>
                <max name="max">13.0e-3</max>
            </starter_vreset>
            <!-- Izhikevich neuron parameters -->
            <Aconst name="Aconst">
                <minExc name="minExc">0.02</minExc>
                <maxExc name="maxExc">0.02</maxExc>
                <minInh name="minInh">0.02</minInh>
                <maxInh name="maxInh">0.1</maxInh>
            </Aconst>
            <Bconst name="Bconst">
                <minExc name="minExc">0.2</minExc>
                <maxExc name="maxExc">0.2</maxExc>
                <minInh name="minInh">0.2</minInh>
                <maxInh name="maxInh">0.25</maxInh>
            </Bconst>
            <Cconst name="Cconst">
                <minExc name="minExc">-65</minExc>
                <maxExc name="maxExc">-50</maxExc>
                <minInh name="minInh">-65</minInh>
                <maxInh name="maxInh">-65</maxInh>
            </Cconst>
            <Dconst name="Dconst">
                <minExc name="minExc">2</minExc>
                <maxExc name="maxExc">8</maxExc>
                <minInh name="minInh">2</minInh>
                <maxInh name="maxInh">2</maxInh>
            </Dconst>
        </NeuronsParams>

        <SynapsesParams class="AllSpikingSynapses" name="SynapsesParams">
        </SynapsesParams>

        <ConnectionsParams class="ConnStatic" name="ConnectionsParams">
            <StaticConnectionsParams name="StaticConnectionsParams">
                <nConnsPerNeuron name="nConnsPerNeuron">999</nConnsPerNeuron>
                <threshConnsRadius name="threshConnsRadius">50</threshConnsRadius>
                <pRewiring name="pRewiring">0</pRewiring>
            </StaticConnectionsParams>
            <StaticConnectionsWeight name="StaticConnectionsWeight">
                <minExc name="minExc">0</minExc>
                <maxExc name="maxExc">0.5e-7</maxExc>
                <minInh name="minInh">-0.5e-7</minInh>
                <maxInh name="maxInh">0</maxInh>
            </StaticConnectionsWeight>
        </ConnectionsParams>

        <LayoutParams class="FixedLayout" name="LayoutParams">
            <LayoutFiles name="LayoutFiles">
                <activeNListFileName name="activeNListFileName" type="InputFile"/>
                <inhNListFileName name="inhNListFileName" type="InputFile">configfiles/NList/inhNList__1000.xml</inhNListFileName>
                <probedNListFileName name="prbNListFileName" type="InputFile">configfiles/NList/probedNList_1000.xml</probedNListFileName>
            </LayoutFiles>
        </LayoutParams>
    </ModelParams>
</BGSimParams>
