<?xml version="1.0" encoding="UTF-8" standalone="no"?>
<BGSimParams>
   <SimInfoParams name="SimInfoParams">
      <PoolSize name="PoolSize">
         <x name="x">100</x>
         <y name="y">100</y>
         <z name="z">1</z>
      </PoolSize>
      <SimParams name="SimParams">
         <Tsim name="Tsim">100.0</Tsim>
         <numSims name="numSims">600</numSims>
      </SimParams>
      <SimConfig name="SimConfig">
         <maxFiringRate name="maxFiringRate">200</maxFiringRate>
         <maxSynapsesPerNeuron name="maxSynapsesPerNeuron">200</maxSynapsesPerNeuron>
      </SimConfig>
      <Seed name="Seed">
         <value name="value">777</value>
      </Seed>
      <OutputParams name="OutputParams">
         <stateOutputFileName name="stateOutputFileName">results/tR_0.1--fE_0.90_10000_historyDump.h5</stateOutputFileName>
      </OutputParams>
   </SimInfoParams>

    <ModelParams>
        <NeuronsParams class="AllLIFNeurons" name="NeuronsParams">
    <Iinject name="Iinject">
        <min name="min">13.5e-09</min>
        <max name="max">13.5e-09</max>
    </Iinject>
    <Inoise name="Inoise">
        <min name="min">1.0e-09</min>
        <max name="max">1.5e-09</max>
    </Inoise>
    <Vthresh name="Vthresh">
        <min name="min">15.0e-03</min>
        <max name="max">15.0e-03</max>
    </Vthresh>
    <Vresting name="Vresting">
        <min name="min">0.0</min>
        <max name="max">0.0</max>
    </Vresting>
    <Vreset name="Vreset">
        <min name="min">13.5e-03</min>
        <max name="max">13.5e-03</max>
    </Vreset>
    <Vinit name="Vinit">
        <min name="min">13.0e-03</min>
        <max name="max">13.0e-03</max>
    </Vinit>
    <starter_vthresh name="starter_vthresh">
        <min name="min">13.565e-3</min>
        <max name="max">13.655e-3</max>
    </starter_vthresh>
    <starter_vreset name="starter_vreset">
        <min name="min">13.0e-3</min>
        <max name="max">13.0e-3</max>
    </starter_vreset>
</NeuronsParams>

        <SynapsesParams class="AllDSSynapses" name="SynapsesParams">
</SynapsesParams>

        <ConnectionsParams class="ConnGrowth" name="ConnectionsParams">
    <!-- Growth parameters -->
    <GrowthParams name="GrowthParams">
        <epsilon name="epsilon">0.60</epsilon>
        <beta name="beta">0.10</beta>
        <rho name="rho">0.0001</rho>
        <targetRate name="targetRate">0.1</targetRate>
        <minRadius name="minRadius">0.1</minRadius>
        <startRadius name="startRadius">0.4</startRadius>
     </GrowthParams>
</ConnectionsParams>

        <LayoutParams class="FixedLayout" name="LayoutParams">
    <LayoutFiles name="LayoutFiles">
        <activeNListFileName name="activeNListFileName" type="InputFile">configfiles/NList/activeNList_0.10_10000.xml</activeNListFileName>
        <inhNListFileName name="inhNListFileName" type="InputFile">configfiles/NList/inhNList_0.90_10000.xml</inhNListFileName>
        <probedNListFileName name="prbNListFileName" type="InputFile"/>
    </LayoutFiles>
</LayoutParams>
    </ModelParams>
</BGSimParams>
